<?xml version="1.0" encoding="utf-8"?>
<unattend xmlns="urn:schemas-microsoft-com:unattend" xmlns:wcm="http://schemas.microsoft.com/WMIConfig/2002/State">
	<settings pass="oobeSystem">
		<component name="Microsoft-Windows-Shell-Setup" processorArchitecture="amd64" publicKeyToken="31bf3856ad364e35" language="neutral" versionScope="nonSxS">
			<FirstLogonCommands>
				<SynchronousCommand wcm:action="add">
					<Order>1</Order>
					<CommandLine>powershell.exe -ExecutionPolicy Bypass -File "C:\Windows\Setup\Scripts\GetMSVC.ps1"</CommandLine>
				</SynchronousCommand>
			</FirstLogonCommands>
		</component>
	</settings>
</unattend>